Model,F1_Mean,F1_Std,Recall_Mean,Recall_Std,Precision_Mean,Precision_Std,Accuracy_Mean,Accuracy_Std,ROC_AUC_Mean,ROC_AUC_Std
RandomForest_CV,0.6593464052287581,0.014333856378429054,0.6636766334440753,0.021840607815053894,0.6571308280597584,0.03594003278961836,0.7606157536985206,0.01787763577696008,0.8324612403100774,0.021197511058887092
