Model,F1_Mean,F1_Std,Recall_Mean,Recall_Std,Precision_Mean,Precision_Std,Accuracy_Mean,Accuracy_Std,ROC_AUC_Mean,ROC_AUC_Std
KNN,0.6429916575613049,0.02309127392782507,0.7163522012578616,0.04008306798166458,0.5845949755183022,0.026013924979935415,0.7226211696799932,0.01916871359869412,0.7830017470300489,0.025515351828277476
