Model,F1_Mean,F1_Std,Recall_Mean,Recall_Std,Precision_Mean,Precision_Std,Accuracy_Mean,Accuracy_Std,ROC_AUC_Mean,ROC_AUC_Std
LogisticRegression,0.6714670842544829,0.04278372039959306,0.7466107617051014,0.0698289112535674,0.6116648989807786,0.03202698219215379,0.7461590696884814,0.028516608398285962,0.8385716282320056,0.02641890410633532
