Model,F1_Mean,F1_Std,Recall_Mean,Recall_Std,Precision_Mean,Precision_Std,Accuracy_Mean,Accuracy_Std,ROC_AUC_Mean,ROC_AUC_Std
LogisticRegression,0.6655956573912079,0.04066558246368355,0.7577917540181691,0.06090594767568826,0.5951648351648352,0.03937440998076254,0.7344622697563874,0.03364951820611588,0.8337763801537387,0.032808544060152864
