Model,F1_Mean,F1_Std,Recall_Mean,Recall_Std,Precision_Mean,Precision_Std,Accuracy_Mean,Accuracy_Std,ROC_AUC_Mean,ROC_AUC_Std
LogisticRegression,0.6763555394791236,0.029462897311795397,0.7723969252271139,0.04435205248424589,0.6024105376279288,0.028822416513484602,0.7421865715983363,0.02420920341189343,0.8371104122990916,0.02289657000922257
