Model,F1_Mean,F1_Std,Recall_Mean,Recall_Std,Precision_Mean,Precision_Std,Accuracy_Mean,Accuracy_Std,ROC_AUC_Mean,ROC_AUC_Std
RandomForest_CV,0.6529375453885258,0.012536609375627185,0.6496124031007752,0.02833436725968537,0.6598291199869367,0.04294339621396156,0.7589630814340931,0.01816484945105333,0.8330384828349944,0.021344053242550926
