Model,F1_Mean,F1_Std,Recall_Mean,Recall_Std,Precision_Mean,Precision_Std,Accuracy_Mean,Accuracy_Std,ROC_AUC_Mean,ROC_AUC_Std
RandomForest_CV,0.651453744951237,0.02099502014152007,0.6590254706533777,0.033355952340865525,0.6463198615494249,0.03476909448866531,0.7540983606557378,0.019858812626873,0.8280066445182724,0.029982673742867727
