Model,F1_Mean,F1_Std,Recall_Mean,Recall_Std,Precision_Mean,Precision_Std,Accuracy_Mean,Accuracy_Std,ROC_AUC_Mean,ROC_AUC_Std
RandomForest_CV,0.6516140796499205,0.024556533899094016,0.6590254706533777,0.033355952340865525,0.646714117309083,0.03912797637768569,0.7540983606557378,0.02351612577887867,0.8281866002214839,0.029688529718446075
