Model,F1_Mean,F1_Std,Recall_Mean,Recall_Std,Precision_Mean,Precision_Std,Accuracy_Mean,Accuracy_Std,ROC_AUC_Mean,ROC_AUC_Std
<<<<<<< HEAD
RandomForest_CV,0.6558005092980013,0.011733722083377748,0.6636766334440753,0.03355609644905247,0.650397875733822,0.02546600553112651,0.7573503931760628,0.011506813829832187,0.8322217607973421,0.020211535906669253
=======
RandomForest_CV,0.6516140796499205,0.024556533899094016,0.6590254706533777,0.033355952340865525,0.646714117309083,0.03912797637768569,0.7540983606557378,0.02351612577887867,0.8281866002214839,0.029688529718446075
>>>>>>> 126de5bd3627f82735ca8919ebc7d7a7bcaadc95
