Model,F1_Mean,F1_Std,Recall_Mean,Recall_Std,Precision_Mean,Precision_Std,Accuracy_Mean,Accuracy_Std,ROC_AUC_Mean,ROC_AUC_Std
RandomForest_CV,0.6558005092980013,0.011733722083377748,0.6636766334440753,0.03355609644905247,0.650397875733822,0.02546600553112651,0.7573503931760628,0.011506813829832187,0.8322217607973421,0.020211535906669253
