Model,F1_Mean,F1_Std,Recall_Mean,Recall_Std,Precision_Mean,Precision_Std,Accuracy_Mean,Accuracy_Std,ROC_AUC_Mean,ROC_AUC_Std
SVM,0.6664491513336186,0.042263783756961625,0.7200559049615654,0.03224955008166231,0.6251310203484116,0.07228651817205899,0.7460232577879637,0.046213263984864784,0.8362959468902865,0.023381545305852316
